Workbook

Sheet Egzersiz Listesi
A1: Egzersiz ID | B1: Egzersiz Adı | C1: Kategori | D1: Egzersiz Açıklaması | E1: Video Bağlantısı (YouTube) | F1: Kategori ID
A2: 3 | B2: Bileğe Buz | C2: BİLEK | D2: Bileğinizin iç kısmına veya şişliğin üzerine bir buz torbası veya bir paket donmuş bezelye koyun. Bu şişlik ve ağrının azalmasına yardımcı olacaktır. Buz torbasını çok soğuk olmadığından emin olmak için bir kurulama bezine sarın. | E2: https://youtu.be/qpwxzQIMYy8 | F2: 1
A3: 4 | B3: Bileğe Isı | C3: BİLEK | D3: Kan akışını hızlandırmak ve iltihabı azaltmak için bileğinizin iç kısmına veya yaralı bölgeye bir ısı paketi veya sıcak su şişesi yerleştirin. | E3: https://youtu.be/-MKDw1z67SU | F3: 1
A4: 5 | B4: Bilek Esnetme ve Uzatma Eller Kenetlenmiş | C4: BİLEK | D4: Ellerinizi önünüze koyun ve birbirine kenetleyin. Avuç içlerinizi bir arada tutarak, daha güçlü olan elinizi daha zayıf olan ele yardımcı olmak için kullanarak bileklerinizi esnetin ve uzatın. Gerektiği kadar tekrarlayın. | E4: https://youtu.be/SrrtqpGo-MA | F4: 1
A5: 6 | B5: Bilek Fleksiyon Dambıl | C5: BİLEK | D5: Elinizi ve bileğinizi bir masaya yaslayın. Bir dambıl tutun ve bileğinizi bükün. Bu, bileğiniz, önkolunuz ve dirseğiniz için güçlendirici bir egzersizdir. | E5: https://youtu.be/Z2xXqgjQsVw | F5: 1
A6: 7 | B6: Bilek Fleksiyon Esnetme | C6: BİLEK | D6: Avucunuzu tutun ve bileğinizin üst kısmında bir gerginlik oluşturmak için elinizi aşağı doğru itin. Bu egzersiz bileğinizin hareketliliğini artırmaya ve önkol kaslarını germeye yardımcı olacaktır. | E6: https://youtu.be/U2Nmcm2T66I | F6: 1
A7: 8 | B7: Bilek Fleksiyon ve Ekstansiyon Güçlendirmesi | C7: BİLEK | D7: Ön kolu masaya yasla, bilek kenardan sarksın. Avuç içi aşağı bakacak şekilde dambıl tut. Bileğini aşağı bırak, sonra yukarı kaldır. Tekrar düşürerek hareketi sürdür. Bu egzersiz bilek ve önkol kaslarını güçlendirir. | E7: https://youtu.be/5AWoCmHmIhA | F7: 1
A8: 9 | B8: Bilek Fleksiyon ve Uzatma Destekli | C8: BİLEK | D8: Ön kolunuzu masaya serbestçe koyun, eliniz kenardan sarkmalı. Daha güçlü kolunuzla destek alarak bileğinizi önce yavaşça aşağı bükün, ardından yukarıya doğru bükün ve hareketi tekrarlayın. Bu egzersiz, bileğinizin hareketliliğini geliştirmek için kullanılabilir. | E8: https://youtu.be/hHZXFqVLuxk | F8: 1
A9: 10 | B9: Bilek Fleksiyonu Pasif | C9: BİLEK | D9: Kendi bileğinizi bükmek için elinizi kullanın. Bileğinizin rahat olduğundan emin olun. Bu, bileğin hareketliliğini geliştirmek ve önkol kaslarını germek için kullanılan pasif bir egzersizdir. | E9: https://youtu.be/GVcdYvs9CnQ | F9: 1
A10: 11 | B10: Bilek Fleksiyonu ve Ekstansiyonu | C10: BİLEK | D10: Eliniz masanın kenarından sarkacak şekilde ön kolunuzu masanın üzerinde gevşetin. Bileğinizi önce aşağıya, sonra yukarıya doğru bükün ve hareketi tekrarlayın. Bu egzersiz bileğinizin hareketliliğini geliştirmek için kullanılabilir. | E10: https://youtu.be/4DtTd4dD9v4 | F10: 1
A11: 12 | B11: Bilek Fleksiyonu | C11: BİLEK | D11: Bileğinizi bükün. Bu egzersiz bileğinizin hareketliliğini artırmanıza yardımcı olacaktır. | E11: https://youtu.be/BmWZyf0bKvY | F11: 1
A12: 13 | B12: Bilek Flexion Bandı 2 | C12: BİLEK | D12: Dirseğiniz 90 derece bükülü olarak ayağa kalkın ve egzersiz bandını avucunuz yukarıda olacak şekilde tutun. Bileğinizi bandın direncine karşı esnetin. Bu bir bilek güçlendirme egzersizidir. | E12: https://youtu.be/tYeAH7CdqCk | F12: 1
A13: 14 | B13: Bilek Flexion Bandı | C13: BİLEK | D13: Elinizi ve bileğinizi bir masaya yaslayın. Bir egzersiz bandını tutun ve bantta direnç oluşturmak için bileğinizi bükün. Bu, bileğiniz, önkolunuz ve dirseğiniz için güçlendirici bir egzersizdir. | E13: https://youtu.be/wlYjRERH2PM | F13: 1
... A1156: 1160 | B1156: Yan Eğilim Skolyozu Top Üzerinde Nefes Alma | C1156: SKOLYOZ | D1156: Torasik skolyozun içbükey tarafı tavana bakacak şekilde İsviçre topuna uzan. Üst kolunu başının üzerine kaldır, diğer elini göğüs kafesine koy. Derin nefes alarak göğüs kafesini genişlet. Bu egzersiz kasları gevşetip omurgayı esnetir. | E1156: https://youtu.be/6lprx_4Znlw | F1156: 10

Sheet Kategori Özeti
B2: EGZERSİZ KATEGORİ DAĞILIMI VE İSTATİSTİKLERİ
B4: Kategori ID | C4: Kategori Adı | D4: Egzersiz Sayısı | E4: Yüzde (%)
B5: 8 | C5: OMUZ | D5: =COUNTIF('Egzersiz Listesi'!$C$2:$C$1156, C5) -> 423 | E5: =D5/$D$15 -> 0.36623377
B6: 2 | C6: BOYUN | D6: =COUNTIF('Egzersiz Listesi'!$C$2:$C$1156,C6) -> 180 | E6: =D6/$D$15 -> 0.15584416
B7: 7 | C7: OMURGA | D7: =COUNTIF('Egzersiz Listesi'!$C$2:$C$1156,C7) -> 177 | E7: =D7/$D$15 -> 0.15324675
B8: 4 | C8: DİZ | D8: =COUNTIF('Egzersiz Listesi'!$C$2:$C$1156,C8) -> 128 | E8: =D8/$D$15 -> 0.11082251
B9: 3 | C9: DİRSEK | D9: =COUNTIF('Egzersiz Listesi'!$C$2:$C$1156,C9) -> 60 | E9: =D9/$D$15 -> 0.051948052
B10: 1 | C10: BİLEK | D10: =COUNTIF('Egzersiz Listesi'!$C$2:$C$1156, C10) -> 55 | E10: =D10/$D$15 -> 0.047619048
B11: 6 | C11: NEFES | D11: =COUNTIF('Egzersiz Listesi'!$C$2:$C$1156,C11) -> 37 | E11: =D11/$D$15 -> 0.032034632
B12: 9 | C12: PELVİK | D12: =COUNTIF('Egzersiz Listesi'!$C$2:$C$1156,C12) -> 36 | E12: =D12/$D$15 -> 0.031168831
B13: 5 | C13: DURUŞ | D13: =COUNTIF('Egzersiz Listesi'!$C$2:$C$1156,C13) -> 34 | E13: =D13/$D$15 -> 0.029437229
B14: 10 | C14: SKOLYOZ | D14: =COUNTIF('Egzersiz Listesi'!$C$2:$C$1156,C14) -> 25 | E14: =D14/$D$15 -> 0.021645022
C15: GENEL TOPLAM | D15: =SUM(D5:D14) -> 1155 | E15: =SUM(E5:E14) -> 1
